weathersit,casual,registered,cnt
1,40.231575936695585,162.96024406521119,203.19182000190676
2,29.227346843699046,144.36058700209642,173.58793384579548
3,15.964086193136472,96.12849162011173,112.0925778132482
4,2.6666666666666665,71.66666666666667,74.33333333333333
