weekday,casual,registered,cnt
0,55.892426850258175,120.57573149741825,176.46815834767642
1,27.676625659050966,153.2469244288225,180.92355008787345
2,23.30475344291426,166.22478898267437,189.52954242558863
3,23.175905718027064,167.1654299432562,190.3413356612833
4,24.831146106736657,170.54724409448818,195.37839020122485
5,31.086937716262977,163.1825259515571,194.26946366782008
6,61.09442993907746,128.9769364664926,190.07136640557007
