workingday,casual,registered,cnt
0,57.39822660098522,123.42463054187192,180.82285714285715
1,25.191735838730274,166.31524217823588,191.50697801696617
